<?xml version="1.0" encoding="UTF-8"?>
<project-private xmlns="http://www.netbeans.org/ns/project-private/1">
    <editor-bookmarks xmlns="http://www.netbeans.org/ns/editor-bookmarks/2" lastBookmarkId="0"/>
    <open-files xmlns="http://www.netbeans.org/ns/projectui-open-files/2">
        <group>
            <file>file:/home/kita/Documents/PBO/Tugas/TugasAkhirLab/football%20management/src/football/management/MainFrame.java</file>
            <file>file:/home/kita/Documents/PBO/Tugas/TugasAkhirLab/football%20management/src/football/management/Pertandingan.java</file>
            <file>file:/home/kita/Documents/PBO/Tugas/TugasAkhirLab/football%20management/src/football/management/Main.java</file>
            <file>file:/home/kita/Documents/PBO/Tugas/TugasAkhirLab/football%20management/src/football/management/Liga.java</file>
            <file>file:/home/kita/Documents/PBO/Tugas/TugasAkhirLab/football%20management/src/football/management/FrameOne.java</file>
            <file>file:/home/kita/Documents/PBO/Tugas/TugasAkhirLab/football%20management/src/football/management/FrameTwo.java</file>
            <file>file:/home/kita/Documents/PBO/Tugas/TugasAkhirLab/football%20management/src/football/management/DBase.txt</file>
            <file>file:/home/kita/Documents/PBO/Tugas/TugasAkhirLab/football%20management/src/football/management/Club.java</file>
        </group>
    </open-files>
</project-private>
